{"cameraMode":{"drawMode":0,"name":"Shaded","section":"Shading Mode"},"sceneLighting":false,"audioPlay":false,"sceneViewState":{"showFog":true,"showMaterialUpdate":false,"showSkybox":false,"showFlares":true,"showImageEffects":true,"showParticleSystems":true},"in2DMode":false,"pivot":{"x":0.0013467669486999512,"y":0.8229649662971497,"z":0.06039674952626228},"rotation":{"x":0.510288417339325,"y":-0.0007754676043987274,"z":0.0004532710008788854,"w":0.8600448369979858},"size":1.2957123517990113,"orthographic":true}