{"cameraMode":{"drawMode":0,"name":"Shaded","section":"Shading Mode"},"sceneLighting":false,"audioPlay":false,"sceneViewState":{"showFog":true,"showMaterialUpdate":false,"showSkybox":false,"showFlares":true,"showImageEffects":true,"showParticleSystems":true},"in2DMode":false,"pivot":{"x":0.9424053430557251,"y":-0.15886402130126954,"z":31.294330596923829},"rotation":{"x":0.2734392583370209,"y":-0.059109050780534747,"z":0.016840126365423204,"w":0.959945797920227},"size":8.55345630645752,"orthographic":true}