{"cameraMode":{"drawMode":0,"name":"Shaded","section":"Shading Mode"},"sceneLighting":false,"audioPlay":false,"sceneViewState":{"showFog":true,"showMaterialUpdate":false,"showSkybox":false,"showFlares":true,"showImageEffects":true,"showParticleSystems":true},"in2DMode":false,"pivot":{"x":-5.233868598937988,"y":2.035184383392334,"z":31.439279556274415},"rotation":{"x":0.20107820630073548,"y":0.020573457702994348,"z":-0.004208546597510576,"w":0.9793688654899597},"size":6.622878551483154,"orthographic":true}