{"cameraMode":{"drawMode":0,"name":"Shaded","section":"Shading Mode"},"sceneLighting":false,"audioPlay":false,"sceneViewState":{"showFog":true,"showMaterialUpdate":false,"showSkybox":true,"showFlares":true,"showImageEffects":true,"showParticleSystems":true},"in2DMode":false,"pivot":{"x":-0.2980620861053467,"y":-1.8994145393371583,"z":8.077878952026368},"rotation":{"x":0.36067670583724978,"y":-0.005596102215349674,"z":0.0021640844643115999,"w":0.9326725006103516},"size":7.054998397827148,"orthographic":true}