{"cameraMode":{"drawMode":0,"name":"Shaded","section":"Shading Mode"},"sceneLighting":false,"audioPlay":false,"sceneViewState":{"showFog":true,"showMaterialUpdate":false,"showSkybox":false,"showFlares":true,"showImageEffects":true,"showParticleSystems":true},"in2DMode":false,"pivot":{"x":-2.870100259780884,"y":0.9557132720947266,"z":34.40369415283203},"rotation":{"x":0.4022888243198395,"y":0.0013963564997538925,"z":-0.00054774503223598,"w":0.9155473709106445},"size":13.117684364318848,"orthographic":true}