{"cameraMode":{"drawMode":0,"name":"Shaded","section":"Shading Mode"},"sceneLighting":false,"audioPlay":false,"sceneViewState":{"showFog":true,"showMaterialUpdate":false,"showSkybox":true,"showFlares":true,"showImageEffects":true,"showParticleSystems":true},"in2DMode":false,"pivot":{"x":0.9408550262451172,"y":-1.501220464706421,"z":-0.7460830807685852},"rotation":{"x":0.4071338474750519,"y":0.01780891977250576,"z":-0.00794009119272232,"w":0.9131616353988648},"size":2.847830057144165,"orthographic":true}