{"cameraMode":{"drawMode":0,"name":"Shaded","section":"Shading Mode"},"sceneLighting":false,"audioPlay":false,"sceneViewState":{"showFog":true,"showMaterialUpdate":false,"showSkybox":false,"showFlares":true,"showImageEffects":true,"showParticleSystems":true},"in2DMode":false,"pivot":{"x":0.0,"y":1.0561249256134034,"z":35.27000045776367},"rotation":{"x":0.22162260115146638,"y":-0.014622336253523827,"z":0.0033408442977815868,"w":0.9750390648841858},"size":10.849139213562012,"orthographic":true}