{"cameraMode":{"drawMode":0,"name":"Shaded","section":"Shading Mode"},"sceneLighting":false,"audioPlay":false,"sceneViewState":{"showFog":true,"showMaterialUpdate":false,"showSkybox":false,"showFlares":true,"showImageEffects":true,"showParticleSystems":true},"in2DMode":false,"pivot":{"x":-4.612903594970703,"y":3.193362236022949,"z":14.132095336914063},"rotation":{"x":-0.33048632740974429,"y":0.6434405446052551,"z":-0.36145466566085818,"w":-0.5883520841598511},"size":12.12435531616211,"orthographic":false}