{"cameraMode":{"drawMode":0,"name":"Shaded","section":"Shading Mode"},"sceneLighting":false,"audioPlay":false,"sceneViewState":{"showFog":true,"showMaterialUpdate":true,"showSkybox":false,"showFlares":true,"showImageEffects":true,"showParticleSystems":true},"in2DMode":false,"pivot":{"x":2.41194486618042,"y":4.906730651855469,"z":2.0643343925476076},"rotation":{"x":0.03583858534693718,"y":-0.8355985283851624,"z":-0.05500591918826103,"w":-0.54555743932724},"size":2.4635000228881838,"orthographic":false}