{"cameraMode":{"drawMode":0,"name":"Shaded","section":"Shading Mode"},"sceneLighting":false,"audioPlay":false,"sceneViewState":{"showFog":true,"showMaterialUpdate":true,"showSkybox":true,"showFlares":true,"showImageEffects":true,"showParticleSystems":true},"in2DMode":false,"pivot":{"x":3.9462881088256838,"y":2.116379737854004,"z":-1.7138515710830689},"rotation":{"x":-0.08280520886182785,"y":-0.6267287135124207,"z":0.06715426594018936,"w":-0.7720177173614502},"size":0.663500189781189,"orthographic":false}