{"cameraMode":{"drawMode":0,"name":"Shaded","section":"Shading Mode"},"sceneLighting":false,"audioPlay":false,"sceneViewState":{"showFog":true,"showMaterialUpdate":false,"showSkybox":false,"showFlares":true,"showImageEffects":true,"showParticleSystems":true},"in2DMode":false,"pivot":{"x":-4.366705894470215,"y":0.18549183011054994,"z":4.234103679656982},"rotation":{"x":0.4557887613773346,"y":-0.12606461346149445,"z":0.06540297716856003,"w":0.8787075281143189},"size":9.426454544067383,"orthographic":true}