{"cameraMode":{"drawMode":0,"name":"Shaded","section":"Shading Mode"},"sceneLighting":false,"audioPlay":false,"sceneViewState":{"showFog":true,"showMaterialUpdate":false,"showSkybox":false,"showFlares":true,"showImageEffects":true,"showParticleSystems":true},"in2DMode":false,"pivot":{"x":-0.47088584303855898,"y":1.651491403579712,"z":10.542991638183594},"rotation":{"x":-0.41589415073394778,"y":-0.08248262852430344,"z":0.03791452571749687,"w":-0.9049035310745239},"size":5.4232587814331059,"orthographic":false}