{"cameraMode":{"drawMode":0,"name":"Shaded","section":"Shading Mode"},"sceneLighting":false,"audioPlay":false,"sceneViewState":{"showFog":true,"showMaterialUpdate":false,"showSkybox":true,"showFlares":true,"showImageEffects":true,"showParticleSystems":true},"in2DMode":false,"pivot":{"x":8.065080642700196,"y":-7.348404884338379,"z":8.070856094360352},"rotation":{"x":0.2826139032840729,"y":0.534862756729126,"z":-0.19584672152996064,"w":0.7718280553817749},"size":10.908936500549317,"orthographic":true}