{"cameraMode":{"drawMode":0,"name":"Shaded","section":"Shading Mode"},"sceneLighting":false,"audioPlay":false,"sceneViewState":{"showFog":true,"showMaterialUpdate":true,"showSkybox":false,"showFlares":true,"showImageEffects":true,"showParticleSystems":true},"in2DMode":false,"pivot":{"x":1.8799999952316285,"y":0.5859999060630798,"z":1.0735321044921876},"rotation":{"x":-0.08280520886182785,"y":-0.6267287135124207,"z":0.06715426594018936,"w":-0.7720177173614502},"size":1.279049038887024,"orthographic":false}