{"cameraMode":{"drawMode":0,"name":"Shaded","section":"Shading Mode"},"sceneLighting":false,"audioPlay":false,"sceneViewState":{"showFog":true,"showMaterialUpdate":false,"showSkybox":false,"showFlares":true,"showImageEffects":true,"showParticleSystems":true},"in2DMode":false,"pivot":{"x":-2.0662596225738527,"y":7.932403564453125,"z":28.36588478088379},"rotation":{"x":0.059644922614097598,"y":0.020061228424310685,"z":0.0012059308355674148,"w":-0.9980400204658508},"size":17.865612030029298,"orthographic":false}