{"cameraMode":{"drawMode":0,"name":"Shaded","section":"Shading Mode"},"sceneLighting":false,"audioPlay":false,"sceneViewState":{"showFog":true,"showMaterialUpdate":true,"showSkybox":false,"showFlares":true,"showImageEffects":true,"showParticleSystems":true},"in2DMode":false,"pivot":{"x":0.6496338844299316,"y":3.5061893463134767,"z":-0.4268150329589844},"rotation":{"x":-0.08280520886182785,"y":-0.6267287135124207,"z":0.06715426594018936,"w":-0.7720177173614502},"size":12.12435531616211,"orthographic":false}