{"cameraMode":{"drawMode":0,"name":"Shaded","section":"Shading Mode"},"sceneLighting":false,"audioPlay":false,"sceneViewState":{"showFog":true,"showMaterialUpdate":false,"showSkybox":false,"showFlares":true,"showImageEffects":true,"showParticleSystems":true},"in2DMode":false,"pivot":{"x":-1.8327832221984864,"y":3.792569160461426,"z":33.345001220703128},"rotation":{"x":0.35649043321609499,"y":0.08253782242536545,"z":-0.031618960201740268,"w":0.9301308393478394},"size":9.15825366973877,"orthographic":true}