{"cameraMode":{"drawMode":0,"name":"Shaded","section":"Shading Mode"},"sceneLighting":false,"audioPlay":false,"sceneViewState":{"showFog":true,"showMaterialUpdate":false,"showSkybox":true,"showFlares":true,"showImageEffects":true,"showParticleSystems":true},"in2DMode":false,"pivot":{"x":0.42448657751083376,"y":5.799117088317871,"z":2.1454172134399416},"rotation":{"x":0.45512035489082339,"y":0.0013388460502028466,"z":-0.0006777673843316734,"w":0.8904469609260559},"size":10.0,"orthographic":true}