{"cameraMode":{"drawMode":0,"name":"Shaded","section":"Shading Mode"},"sceneLighting":false,"audioPlay":false,"sceneViewState":{"showFog":true,"showMaterialUpdate":false,"showSkybox":false,"showFlares":true,"showImageEffects":true,"showParticleSystems":true},"in2DMode":false,"pivot":{"x":-3.8381309509277345,"y":4.0189208984375,"z":33.28499984741211},"rotation":{"x":0.2734392583370209,"y":-0.059109050780534747,"z":0.016840126365423204,"w":0.959945797920227},"size":6.757229328155518,"orthographic":true}