{"cameraMode":{"drawMode":0,"name":"Shaded","section":"Shading Mode"},"sceneLighting":false,"audioPlay":false,"sceneViewState":{"showFog":true,"showMaterialUpdate":false,"showSkybox":false,"showFlares":true,"showImageEffects":true,"showParticleSystems":true},"in2DMode":false,"pivot":{"x":-2.4110231399536135,"y":8.064104080200196,"z":16.937231063842775},"rotation":{"x":0.4557887613773346,"y":-0.12606461346149445,"z":0.06540297716856003,"w":0.8787075281143189},"size":22.389602661132814,"orthographic":false}