{"cameraMode":{"drawMode":0,"name":"Shaded","section":"Shading Mode"},"sceneLighting":false,"audioPlay":false,"sceneViewState":{"showFog":true,"showMaterialUpdate":true,"showSkybox":false,"showFlares":true,"showImageEffects":true,"showParticleSystems":true},"in2DMode":false,"pivot":{"x":-1.8327832221984864,"y":3.792569160461426,"z":33.345001220703128},"rotation":{"x":-0.09913219511508942,"y":0.017012106254696847,"z":-0.001696855528280139,"w":-0.9949319362640381},"size":19.170745849609376,"orthographic":false}