{"cameraMode":{"drawMode":0,"name":"Shaded","section":"Shading Mode"},"sceneLighting":false,"audioPlay":false,"sceneViewState":{"showFog":true,"showMaterialUpdate":false,"showSkybox":true,"showFlares":true,"showImageEffects":true,"showParticleSystems":true},"in2DMode":false,"pivot":{"x":1.186697244644165,"y":3.173363447189331,"z":2.5633134841918947},"rotation":{"x":0.23576082289218903,"y":0.12409317493438721,"z":-0.03036893904209137,"w":0.9634090065956116},"size":11.75551986694336,"orthographic":true}