{"cameraMode":{"drawMode":0,"name":"Shaded","section":"Shading Mode"},"sceneLighting":false,"audioPlay":false,"sceneViewState":{"showFog":true,"showMaterialUpdate":true,"showSkybox":false,"showFlares":true,"showImageEffects":true,"showParticleSystems":true},"in2DMode":false,"pivot":{"x":25.757518768310548,"y":33.23414993286133,"z":0.3082695007324219},"rotation":{"x":-0.14974001049995423,"y":-0.011264489963650704,"z":0.0017457364592701197,"w":-0.9887104630470276},"size":27.78681755065918,"orthographic":false}