{"cameraMode":{"drawMode":0,"name":"Shaded","section":"Shading Mode"},"sceneLighting":false,"audioPlay":false,"sceneViewState":{"showFog":true,"showMaterialUpdate":false,"showSkybox":false,"showFlares":true,"showImageEffects":true,"showParticleSystems":true},"in2DMode":false,"pivot":{"x":3.035562515258789,"y":3.9563026428222658,"z":13.214734077453614},"rotation":{"x":-0.0035408639814704658,"y":-0.9693959951400757,"z":0.24526570737361909,"w":-0.014276642352342606},"size":0.3430023789405823,"orthographic":false}