{"cameraMode":{"drawMode":0,"name":"Shaded","section":"Shading Mode"},"sceneLighting":false,"audioPlay":false,"sceneViewState":{"showFog":true,"showMaterialUpdate":false,"showSkybox":true,"showFlares":true,"showImageEffects":true,"showParticleSystems":true},"in2DMode":false,"pivot":{"x":-0.27324914932250979,"y":-9.453998565673829,"z":22.509204864501954},"rotation":{"x":0.30691465735435488,"y":-0.017130006104707719,"z":0.005524815060198307,"w":0.9515730142593384},"size":17.50727081298828,"orthographic":true}