{"cameraMode":{"drawMode":0,"name":"Shaded","section":"Shading Mode"},"sceneLighting":false,"audioPlay":false,"sceneViewState":{"showFog":true,"showMaterialUpdate":false,"showSkybox":true,"showFlares":true,"showImageEffects":true,"showParticleSystems":true},"in2DMode":false,"pivot":{"x":1.1831088066101075,"y":3.5758209228515627,"z":59.65226745605469},"rotation":{"x":0.7234469652175903,"y":-0.061752818524837497,"z":0.06532029062509537,"w":0.6845760941505432},"size":31.45783805847168,"orthographic":true}